service_type,builder,railroad,loco_model,reporting_mark,road_number,make,dcc,sound,decoder,address,aquired,store,price,dated
switcher,Plymouth,Union Pacific,35T switcher,UP,6560,Broadway Limited,yes,no,lokpilot,3,yes,FactoryDirect,100,
switcher,NRE,Union Pacific,3GS21B,UP,2732,Atlas,no,no,,0,yes,Whistle stop train OKC,108,
freight,GE,Union Pacific,AC4400CW,UP,7082,ScaleTrains,yes,yes,loksound,3,yes,ScaleTrains,300,
freight,GE,Union Pacific,AC60CW,UP,7541,Broadway Limited,yes,yes,paragon3,3,yes,SpringCreek,240,
switcher,Baldwin,Union Pacific,AS-616,UP,1260,Bowser,yes,yes,loksound,3,yes,ebay,260,
mixed,GE,Union Pacific,B23-7,UP,109,Atlas,yes,yes,loksound,3,yes,pwrs-ca,190,
frieght,GE,Union Pacific,B40-8 (dash8-40B),UP,1806,Atlas,yes,yes,loksound,3,yes,lombard,185,
freight,GE,Union Pacific,C30-7,UP,2431,Broadway Limited,yes,yes,paragon3,3,yes,SpringCreek,216,
freight,GE,Union Pacific,C36-7,UP,2615,Rapido,yes,yes,esu,3,yes,TrainWorld,310,
freight,GE,Union Pacific,C40-8 (dash 8-40C),UP,9056,Atlas,yes,yes,esu,3,yes,lombard,185,
freight,GE,Union Pacific,C41-8W (dash 8-41CW),UP,9423,Atlas,yes,yes,esu,3,yes,Atlas,30,
freight,GE,Union Pacific,C44-9W,UP,9574,ScaleTrains,yes,yes,esu,3,yes,houseoftrains,265,
freight,GE,Union Pacific,C44ACM,UP,6151,ScaleTrains,yes,yes,esu,3,no,lombard,,
freight,GE,Union Pacific,C45ACCTE,UP,7928,ScaleTrains,yes,yes,esu,3,yes,springCreek,285,
freight,GE,Union Pacific,C45AH,UP,2672,ScaleTrains,yes,yes,esu,3,yes,pwrs-ca,250,
freight,ALCo,Union Pacific,C630,UP,900,Bowser,yes,yes,esu,3,yes,TrainWorld,,
turbine,Baldwin,Union Pacific,Centipede,UP,1600A,Broadway Limited,yes,yes,esu,3,yes,SpringCreek,480,
turbine,EMD,Union Pacific,DD35,UP,80,kitbash,no,no,,0,yes,ebay,,
turbine,EMD,Union Pacific,DD35B,UP,94B,kitbash,no,no,,0,yes,ebay,,
turbine,EMD,Union Pacific,DDA40X,UP,6918,Athearn Genesis,yes,yes,tsunami,3,yes,ModelTrainStuff,501,
passenger,EMC,Union Pacific,Doodlebug,UP,M-32,Bachmann,no,no,,0,yes,ebay,,
switcher,Baldwin,Union Pacific,DS-44-1000,UP,1206,Bowser,yes,yes,,3,yes,TrainWorld,210,
passenger,EMD,Union Pacific,E6A,UP,SF-4,Walthers Proto,no,no,,0,yes,ebay,76,
passenger,EMD,Union Pacific,E6B,UP,SF-4,Walthers Proto,no,no,,0,yes,ebay,57,
passenger,EMD,Union Pacific,E7A,UP,927A,Broadway Limited,yes,yes,,3,yes,modeltraindepo,,
passenger,EMD,Union Pacific,E7B,UP,928B,Broadway Limited,yes,yes,,3,yes,modeltraindepo,,
passenger,EMD,Union Pacific,E8A,UP,940,Rapido,yes,yes,,3,yes,lombard,510,
passenger,EMD,Union Pacific,E8B,UP,941B,Rapido,yes,yes,,3,yes,lombard,0,
passenger,EMD,Union Pacific,E9A,UP,911,Walthers Proto,yes,yes,,3,yes,TrainWorld,460,
passenger,EMD,Union Pacific,E9B,UP,911B,Walthers Proto,yes,yes,,3,yes,TrainWorld,0,
passenger,FM,Union Pacific,Erie A,UP,706,Walthers Proto,no,no,,0,yes,ebay,175,
passenger,FM,Union Pacific,Erie B,UP,706B,Walthers Proto,no,no,,0,yes,ebay,0,
freight,EMD,Union Pacific,F3A,UP,1429,Athearn Genesis,no,no,,0,yes,lombard,220,
freight,EMD,Union Pacific,F3B,UP,1430B,Athearn Genesis,no,no,,0,yes,lombard,0,
passenger,EMD,Union Pacific,F59PHI,UP,971,Athearn  ,yes,yes,,3,yes,TrainWorld,187,
freight,EMD,Union Pacific,F7A,UP,1471,Athearn Genesis,yes,yes,,3,yes,lombard,446,
freight,EMD,Union Pacific,F7B,UP,1492B,Athearn Genesis,yes,yes,,3,yes,lombard,0,
passenger,EMD,Union Pacific,F7B,UP,910B,Intermountain,yes,yes,,3,yes,SpringCreek,208,
freight,EMD,Union Pacific,F9A,UP,523,Stewart,yes,yes,,3,yes,ebay,265,
freight,EMD,Union Pacific,F9B,UP,523B,Stewart,yes,yes,,3,yes,ebay,,
freight,EMD,Union Pacific,F9C,,523C,Stewart,no,no,,0,yes,ebay,,
freight,Alco,Union Pacific,FA1,UP,1624A,Rapido,yes,yes,,3,yes,SpringCreek,539,
freight,Alco,Union Pacific,FB1,UP,1636B,Rapido,yes,yes,,3,yes,SpringCreek,0,
passenger,EMD,Union Pacific,FP7,UP,912,Intermountain,yes,yes,,3,yes,SpringCreek,,
switcher,GE,Union Pacific,GE 44 Tonner,UP,903999,Rapido,yes,yes,,3,yes,the train exchange,298,
switcher,EMD,Union Pacific,GP15-1,UP,574,Athearn Genesis,yes,yes,,3,yes,SpringCreek,240,
switcher,EMD,Union Pacific,GP15AC,UP,719,Athearn Genesis,no,no,,0,yes,Whistle Stop Train OKC,171,
freight,EMD,Union Pacific,GP20,UP,489,Broadway Limited,yes,yes,,3,yes,TrainWorld,264,
freight,EMD,Union Pacific,GP30,UP,734,Walthers Proto,no,no,,0,yes,SpringCreek,,
freight,EMD,Union Pacific,GP30,UP,812,ScaleTrains,yes,yes,,3,yes,ScaleTrains,,
freight,EMD,Union Pacific,GP30B,UP,726B,ScaleTrains,yes,yes,,3,yes,ScaleTrains,,
freight,EMD,Union Pacific,GP35,UP,760,Athearn,no,no,,0,yes,SpringCreek,,
freight,EMD,Union Pacific,GP38-2,UP,700,Athearn Genesis,yes,yes,,3,yes,lombard,225,
freight,EMD,Union Pacific,GP39-2,UP,1216,Athearn Genesis,yes,yes,,3,yes,TrainWorld,255,
freight,EMD,Union Pacific,GP40,UP,503,Atlas,yes,yes,,3,yes,lombard,,
freight,EMD,Union Pacific,GP40,UP,3003,Rapido,yes,yes,,3,yes,TrainWorld,650,
freight,EMD,Union Pacific,Slug (S300),UP,S300,Rapido,yes,yes,,3,yes,TrainWorld,,
freight,EMD,Union Pacific,GP40-2,UP,912,Athearn Genesis,yes,yes,,3,yes,SpringCreek,240,
freight,EMD,Union Pacific,GP40P-2,UP,1373,Athearn Genesis,no,no,,0,yes,high country hobbies,162,
freight,EMD,Union Pacific,GP40X,UP,9001,Athearn,no,no,,0,yes,ebay,,
freight,EMD,Union Pacific,GP50,UP,66,Athearn Genesis,yes,yes,,3,yes,SpringCreek,152,
freight,EMD,Union Pacific,GP60,UP,1964,Proto2000,yes,yes,,3,yes,pwrs-ca,240,
freight,EMD,Union Pacific,GP7,UP,102,Proto2000,no,no,,0,yes,ebay,,
freight,EMD,Union Pacific,GP9,UP,206,Athearn Genesis,no,no,,0,yes,lombard,110,
freight,EMD,Union Pacific,GP9B,UP,190B,Athearn Genesis,no,no,,0,yes,engine house services,,
freight,EMD,Union Pacific,GP9B,UP,146B,Athearn Genesis,yes,yes,,3,yes,SpringCreek,,
switcher,FM,Union Pacific,H10-44,UP,1304,Walthers Proto,no,no,,0,yes,ebay,,
switcher,FM,Union Pacific,H15-44,UP,1329,Atlas,yes,yes,,3,yes,lombard,180,
switcher,FM,Union Pacific,H16-44,UP,1340,Atlas,no,no,,0,yes,ebay,,
switcher,EMD,Union Pacific,MP15AC,UP,1400,Athearn Genesis,yes,yes,,3,yes,lombard,255,
switcher,EMD,Union Pacific,MP15DC,UP,1342,Atlas,yes,yes,,3,yes,pwrs-ca,190,
switcher,EMD,Union Pacific,NW2,UP,1086,Broadway Limited,yes,yes,,3,yes,TrainWorld,200,
passenger,ALCo,Union Pacific,PA1,UP,603,Walthers Mainline,yes,yes,,3,yes,ebay,,
passenger,ALCo,Union Pacific,PB1,UP,605B,Walthers Mainline,yes,yes,,3,yes,ebay,,
switcher,ALCo,Union Pacific,RS-1,UP,1214,Atlas,no,no,,0,yes,ebay,,
switcher,ALCo,Union Pacific,RS-2,UP,1195,Walthers Mainline,yes,yes,,3,yes,SpringCreek,,
freight,ALCo,Union Pacific,RS-27,UP,678,Proto2000,yes,yes,,3,yes,ebay,195,
switcher,ALCo,Union Pacific,RSC-2,UP,1281,Kato,no,no,,0,yes,ebay,,
switcher,ALCo,Union Pacific,S-2,UP,1148,Bachmann,yes,yes,,3,yes,SpringCreek,156,
switcher,ALCo,Union Pacific,S-3,UP,1250,Atlas,no,no,,0,yes,ebay,,
switcher,ALCo,Union Pacific,S-4,UP,1167,Bachmann,yes,yes,,3,yes,SpringCreek,140,
freight,EMD,Union Pacific,SD24,UP,429,Atlas,yes,yes,,3,yes,SpringCreek,240,
frieght,EMD,Union Pacific,SD24 High Hood,UP,448,Atlas,no,no,,0,yes,ebay,,
freight,EMD,Union Pacific,SD38-2,UP,2801,Kato,yes,yes,,3,yes,ebay,,
freight,EMD,Union Pacific,SD40,UP,3003,Athearn,no,no,,0,yes,SpringCreek,,
freight,EMD,Union Pacific,SD40-2,UP,8077,ScaleTrains,yes,yes,,3,yes,White Rose Hobbies,,
freight,EMD,Union Pacific,SD40M-2,UP,2771,Athearn Genesis,no,no,,0,yes,Lombard,145,
freight,EMD,Union Pacific,SD40N,UP,1923,Athearn,yes,yes,,3,yes,TrainWorld,195,
freight,EMD,Union Pacific,SD40T-2,UP,4425,ScaleTrains,yes,yes,,3,yes,White Rose Hobbies,,
freight,EMD,Union Pacific,SD45,UP,18,Walthers Proto,yes,yes,,3,yes,SpringCreek,232,
freight,EMD,Union Pacific,SD45T-2,UP,4829,Athearn,no,no,,0,yes,high country hobbies,80,
freight,EMD,Union Pacific,SD50,UP,5023,Athearn RTR,no,no,,0,yes,high country hobbies,108,
freight,EMD,Union Pacific,SD59M-2,UP,9903,Athearn Genesis,yes,yes,,3,yes,Lombard,265,
freight,EMD,Union Pacific,SD60 ,UP,2156,Athearn,yes,yes,,3,yes,TrainWorld,195,
freight,EMD,Union Pacific,SD60M,UP,6250,Athearn Genesis,yes,yes,,3,yes,Lombard,255,
freight,EMD,Union Pacific,SD7,UP,456,Broadway Limited,yes,yes,,3,yes,TrainWorld,240,
freight,EMD,Union Pacific,SD70ace,UP,1111,Athearn Genesis,yes,yes,,3,yes,TrainWorld,190,
freight,EMD,Union Pacific,SD70AH,UP,9053,Athearn Genesis,yes,yes,,3,yes,SpringCreek,248,
freight,EMD,Union Pacific,SD70M,UP,4884,Athearn Genesis,yes,yes,,3,yes,TrainWorld,272,
freight,EMD,Union Pacific,SD90/43mac,UP,8164,Kato,no,no,,0,yes,SpringCreek,156,
freight,EMD,Union Pacific,SD90mac-H ,UP,8503,Athearn Genesis,yes,yes,,3,yes,Lombard,274,
freight,EMD,Union Pacific,SD90mac-H2,UP,8531,Athearn Genesis,no,no,,0,yes,engine house services,,
freight,EMD,Union Pacific,SDP35,UP,1403,Atlas,no,no,,0,yes,pwrs-ca,120,
passenger,GMD,Union Pacific,Steam heater car,UP,307,Rapido,yes,yes,,3,yes,houseoftrains,,
switcher,EMD,Union Pacific,SW1200,UP,1846,Walthers Proto,no,no,,0,yes,ebay,,
switcher,EMD,Union Pacific,SW1500,UP,1014,Athearn,yes,yes,,3,yes,lombard,230,
switcher,EMD,Union Pacific,SW7,UP,1817,Broadway Limited,yes,yes,,3,yes,TrainWorld,200,
switcher,EMD,Union Pacific,SW9,UP,1826,Rapido,yes,yes,,3,yes,lombard,300,
turbine,GE,Union Pacific,Turbine Gas Big Blow,UP,28,ScaleTrains,yes,yes,,3,yes,ScaleTrains,650,
turbine,GE,Union Pacific,Turbine Gas Oil Tender,UP,57,Athearn Genesis,yes,yes,,3,yes,SpringCreek,360,
turbine,GE,Union Pacific,Turbine Gas standard,UP,51,Athearn RTR,no,no,,0,yes,ebay,325,
turbine,GE,Union Pacific,Turbine Gas Veranda,UP,70,Athearn Genesis,yes,yes,,3,yes,Lombard,370,
uboat,GE,Union Pacific,U23B,UP,542,Atlas  ,no,no,,0,yes,ebay,,
uboat,GE,Union Pacific,U25B,UP,639,Bowser,yes,yes,,3,yes,TrainWorld,,
uboat,GE,Union Pacific,U25B high hood,UP,627,Rapido,yes,yes,,3,yes,The Train Shop,,
uboat,GE,Union Pacific,U28C,UP,2803,Atlas,yes,yes,,3,yes,lombard,200,
uboat,GE,Union Pacific,U30C,UP,2881,Atlas,yes,yes,,3,yes,TrainWorld,200,
uboat,GE,Union Pacific,U50,UP,53,Athearn Genesis,no,no,,0,yes,Ebay,255,
uboat,GE,Union Pacific,U50,UP,52,Athearn Genesis,yes,yes,,3,yes,TrainWorld,300,
uboat,GE,Union Pacific,U50C,UP,5009,ScaleTrains,yes,yes,,3,no,lombard,430,
switcher,Baldwin,Union Pacific,VO-1000,UP,,Bowser,no,no,,0,yes,ebay,92,
frieght,KM,Southern Pacific,ML4000,SP,9102,Piko,yes,yes,,3,yes,lombard,370,